-- ProxiSport — seed data, generated from src/services/mock/mockData.ts
-- Match/tournoi dates use relative SQL expressions (now() +/- offset) so
-- re-running this file (e.g. via `supabase db reset`) always regenerates
-- "today-relative" demo data, matching the mock app's getFreshMockMatches().

-- regions / departements
insert into regions (id, nom) values ('ile-de-france', 'Île-de-France');
insert into regions (id, nom) values ('occitanie', 'Occitanie');
insert into regions (id, nom) values ('auvergne-rhone-alpes', 'Auvergne-Rhône-Alpes');
insert into regions (id, nom) values ('bretagne', 'Bretagne');
insert into regions (id, nom) values ('paca', 'PACA');
insert into regions (id, nom) values ('hauts-de-france', 'Hauts-de-France');
insert into departements (id, region_id, nom) values ('ile-de-france--paris-75', 'ile-de-france', 'Paris (75)');
insert into departements (id, region_id, nom) values ('ile-de-france--seine-et-marne-77', 'ile-de-france', 'Seine-et-Marne (77)');
insert into departements (id, region_id, nom) values ('ile-de-france--yvelines-78', 'ile-de-france', 'Yvelines (78)');
insert into departements (id, region_id, nom) values ('ile-de-france--essonne-91', 'ile-de-france', 'Essonne (91)');
insert into departements (id, region_id, nom) values ('ile-de-france--hauts-de-seine-92', 'ile-de-france', 'Hauts-de-Seine (92)');
insert into departements (id, region_id, nom) values ('occitanie--herault-34', 'occitanie', 'Hérault (34)');
insert into departements (id, region_id, nom) values ('occitanie--haute-garonne-31', 'occitanie', 'Haute-Garonne (31)');
insert into departements (id, region_id, nom) values ('occitanie--gard-30', 'occitanie', 'Gard (30)');
insert into departements (id, region_id, nom) values ('occitanie--aude-11', 'occitanie', 'Aude (11)');
insert into departements (id, region_id, nom) values ('auvergne-rhone-alpes--rhone-69', 'auvergne-rhone-alpes', 'Rhône (69)');
insert into departements (id, region_id, nom) values ('auvergne-rhone-alpes--isere-38', 'auvergne-rhone-alpes', 'Isère (38)');
insert into departements (id, region_id, nom) values ('auvergne-rhone-alpes--ain-01', 'auvergne-rhone-alpes', 'Ain (01)');
insert into departements (id, region_id, nom) values ('auvergne-rhone-alpes--savoie-73', 'auvergne-rhone-alpes', 'Savoie (73)');
insert into departements (id, region_id, nom) values ('bretagne--finistere-29', 'bretagne', 'Finistère (29)');
insert into departements (id, region_id, nom) values ('bretagne--ille-et-vilaine-35', 'bretagne', 'Ille-et-Vilaine (35)');
insert into departements (id, region_id, nom) values ('bretagne--morbihan-56', 'bretagne', 'Morbihan (56)');
insert into departements (id, region_id, nom) values ('bretagne--cotes-d-armor-22', 'bretagne', 'Côtes-d''Armor (22)');
insert into departements (id, region_id, nom) values ('paca--bouches-du-rhone-13', 'paca', 'Bouches-du-Rhône (13)');
insert into departements (id, region_id, nom) values ('paca--var-83', 'paca', 'Var (83)');
insert into departements (id, region_id, nom) values ('paca--alpes-maritimes-06', 'paca', 'Alpes-Maritimes (06)');
insert into departements (id, region_id, nom) values ('hauts-de-france--nord-59', 'hauts-de-france', 'Nord (59)');
insert into departements (id, region_id, nom) values ('hauts-de-france--pas-de-calais-62', 'hauts-de-france', 'Pas-de-Calais (62)');
insert into departements (id, region_id, nom) values ('hauts-de-france--somme-80', 'hauts-de-france', 'Somme (80)');
insert into departements (id, region_id, nom) values ('hauts-de-france--aisne-02', 'hauts-de-france', 'Aisne (02)');

-- terrains
insert into terrains (id, nom, adresse, ville, lat, lng) values ('t1', 'Stade Charléty', '17 Avenue Pierre de Coubertin', 'Paris', 48.8196, 2.3453);
insert into terrains (id, nom, adresse, ville, lat, lng) values ('t2', 'Palais des Sports de Paris', '1 Pl. de la Porte de Versailles', 'Paris', 48.832, 2.2891);
insert into terrains (id, nom, adresse, ville, lat, lng) values ('t3', 'Gymnase Montpellier Sud', '10 Rue du Mas de Verchant', 'Montpellier', 43.5897, 3.8897);
insert into terrains (id, nom, adresse, ville, lat, lng) values ('t4', 'Stade du Roudourou', 'Rue du Stade', 'Guingamp', 48.559, -3.1558);
insert into terrains (id, nom, adresse, ville, lat, lng) values ('t5', 'Palais des Sports de Marseille', '23 Rue Nerthe', 'Marseille', 43.285, 5.3845);
insert into terrains (id, nom, adresse, ville, lat, lng) values ('t6', 'Stadium de Toulouse', '1 Allée Gabriel Biénès', 'Toulouse', 43.58, 1.4344);
insert into terrains (id, nom, adresse, ville, lat, lng) values ('t7', 'Roazhon Park', 'Route de Lorient', 'Rennes', 48.1077, -1.7115);
insert into terrains (id, nom, adresse, ville, lat, lng) values ('t8', 'Gymnase Tony Bertrand', '350 Cours Albert Thomas', 'Lyon', 45.7489, 4.8735);
insert into terrains (id, nom, adresse, ville, lat, lng) values ('t9', 'Palais des Sports de Grenoble', '14 Rue Lesdiguières', 'Grenoble', 45.1885, 5.7245);
insert into terrains (id, nom, adresse, ville, lat, lng) values ('t10', 'Stade Vélodrome Amateur', '3 Boulevard Michelet', 'Marseille', 43.2696, 5.3958);
insert into terrains (id, nom, adresse, ville, lat, lng) values ('t11', 'Gymnase de Versailles', '5 Avenue de Sceaux', 'Versailles', 48.8014, 2.1301);
insert into terrains (id, nom, adresse, ville, lat, lng) values ('t12', 'Stade de Roudouron Brest', 'Rue du Moulin Blanc', 'Brest', 48.4085, -4.4782);
insert into terrains (id, nom, adresse, ville, lat, lng) values ('t13', 'Gymnase Louis Nicollin', '20 Rue Saint-Guilhem', 'Nîmes', 43.8374, 4.3601);
insert into terrains (id, nom, adresse, ville, lat, lng) values ('t14', 'Stade du Ray', '100 Avenue du Ray', 'Nice', 43.7102, 7.262);
insert into terrains (id, nom, adresse, ville, lat, lng) values ('t15', 'Gymnase Jean Guimier', 'Rue de Kérivin', 'Rennes', 48.1173, -1.6778);
insert into terrains (id, nom, adresse, ville, lat, lng) values ('t16', 'Stade de la Meinau', '12 Rue de Zurich', 'Massy', 48.7326, 2.2714);
insert into terrains (id, nom, adresse, ville, lat, lng) values ('t17', 'Complexe Sportif de Vannes', 'Avenue du Maréchal Juin', 'Vannes', 47.6536, -2.7603);
insert into terrains (id, nom, adresse, ville, lat, lng) values ('t18', 'Gymnase Gaston Berger', 'Rue du Docteur Schweitzer', 'Toulouse', 43.6047, 1.4442);
insert into terrains (id, nom, adresse, ville, lat, lng) values ('t19', 'Stade Municipal de Narbonne', 'Avenue Carnot', 'Narbonne', 43.1836, 3.0032);
insert into terrains (id, nom, adresse, ville, lat, lng) values ('t20', 'Patinoire de Chambéry', 'Rue du Stade', 'Chambéry', 45.5646, 5.9178);
insert into terrains (id, nom, adresse, ville, lat, lng) values ('t21', 'Stade Municipal de Versailles', '12 Avenue du Général Leclerc', 'Versailles', 48.7921, 2.1281);
insert into terrains (id, nom, adresse, ville, lat, lng) values ('t22', 'Complexe Sportif Caulier', '1 Rue Caulier', 'Lille', 50.6292, 3.0573);
insert into terrains (id, nom, adresse, ville, lat, lng) values ('t23', 'Salle Omnisports Porte de Valenciennes', '56 Rue de Valenciennes', 'Lille', 50.6194, 3.0831);
insert into terrains (id, nom, adresse, ville, lat, lng) values ('t24', 'Gymnase Université de Lille', '59 Avenue Paul Langevin', 'Villeneuve-d''Ascq', 50.6067, 3.13);
insert into terrains (id, nom, adresse, ville, lat, lng) values ('t25', 'Salle des Sports de Roubaix', '35 Avenue Alfred Motte', 'Roubaix', 50.6905, 3.1757);
insert into terrains (id, nom, adresse, ville, lat, lng) values ('t26', 'Gymnase de Tourcoing', '1 Allée du Stade', 'Tourcoing', 50.7221, 3.1606);

-- equipes
insert into equipes (id, nom, sport, region, departement) values ('e1', 'Paris FC', 'foot', 'Île-de-France', 'Paris (75)');
insert into equipes (id, nom, sport, region, departement) values ('e2', 'Red Star', 'foot', 'Île-de-France', 'Paris (75)');
insert into equipes (id, nom, sport, region, departement) values ('e3', 'Antony FC', 'foot', 'Île-de-France', 'Hauts-de-Seine (92)');
insert into equipes (id, nom, sport, region, departement) values ('e4', 'Boulogne FC', 'foot', 'Île-de-France', 'Hauts-de-Seine (92)');
insert into equipes (id, nom, sport, region, departement) values ('e11', 'Paris Basket', 'basket', 'Île-de-France', 'Paris (75)');
insert into equipes (id, nom, sport, region, departement) values ('e12', 'Créteil Basket', 'basket', 'Île-de-France', 'Paris (75)');
insert into equipes (id, nom, sport, region, departement) values ('e15', 'Paris HB', 'hand', 'Île-de-France', 'Paris (75)');
insert into equipes (id, nom, sport, region, departement) values ('e16', 'Créteil HB', 'hand', 'Île-de-France', 'Paris (75)');
insert into equipes (id, nom, sport, region, departement) values ('e29', 'Versailles FC', 'foot', 'Île-de-France', 'Yvelines (78)');
insert into equipes (id, nom, sport, region, departement) values ('e30', 'Évry FC', 'foot', 'Île-de-France', 'Essonne (91)');
insert into equipes (id, nom, sport, region, departement) values ('e31', 'Paris VB', 'volley', 'Île-de-France', 'Paris (75)');
insert into equipes (id, nom, sport, region, departement) values ('e32', 'Massy VB', 'volley', 'Île-de-France', 'Essonne (91)');
insert into equipes (id, nom, sport, region, departement) values ('e33', 'Massy HB', 'hand', 'Île-de-France', 'Essonne (91)');
insert into equipes (id, nom, sport, region, departement) values ('e34', 'Ivry HB', 'hand', 'Île-de-France', 'Paris (75)');
insert into equipes (id, nom, sport, region, departement) values ('e35', 'Essonne Basket', 'basket', 'Île-de-France', 'Essonne (91)');
insert into equipes (id, nom, sport, region, departement) values ('e36', 'Seine-et-Marne Basket', 'basket', 'Île-de-France', 'Seine-et-Marne (77)');
insert into equipes (id, nom, sport, region, departement) values ('e5', 'Montpellier Basket', 'basket', 'Occitanie', 'Hérault (34)');
insert into equipes (id, nom, sport, region, departement) values ('e6', 'Nîmes Basket', 'basket', 'Occitanie', 'Gard (30)');
insert into equipes (id, nom, sport, region, departement) values ('e17', 'Toulouse FC B', 'foot', 'Occitanie', 'Haute-Garonne (31)');
insert into equipes (id, nom, sport, region, departement) values ('e18', 'Nîmes FC', 'foot', 'Occitanie', 'Gard (30)');
insert into equipes (id, nom, sport, region, departement) values ('e19', 'Montpellier HB B', 'hand', 'Occitanie', 'Hérault (34)');
insert into equipes (id, nom, sport, region, departement) values ('e20', 'Toulouse HB', 'hand', 'Occitanie', 'Haute-Garonne (31)');
insert into equipes (id, nom, sport, region, departement) values ('e21', 'Montpellier VB', 'volley', 'Occitanie', 'Hérault (34)');
insert into equipes (id, nom, sport, region, departement) values ('e22', 'Toulouse VB', 'volley', 'Occitanie', 'Haute-Garonne (31)');
insert into equipes (id, nom, sport, region, departement) values ('e37', 'Narbonne FC', 'foot', 'Occitanie', 'Aude (11)');
insert into equipes (id, nom, sport, region, departement) values ('e38', 'Carcassonne FC', 'foot', 'Occitanie', 'Aude (11)');
insert into equipes (id, nom, sport, region, departement) values ('e23', 'Lyon FC B', 'foot', 'Auvergne-Rhône-Alpes', 'Rhône (69)');
insert into equipes (id, nom, sport, region, departement) values ('e24', 'Grenoble FC', 'foot', 'Auvergne-Rhône-Alpes', 'Isère (38)');
insert into equipes (id, nom, sport, region, departement) values ('e25', 'Lyon Basket', 'basket', 'Auvergne-Rhône-Alpes', 'Rhône (69)');
insert into equipes (id, nom, sport, region, departement) values ('e26', 'Grenoble Basket', 'basket', 'Auvergne-Rhône-Alpes', 'Isère (38)');
insert into equipes (id, nom, sport, region, departement) values ('e27', 'Lyon HB', 'hand', 'Auvergne-Rhône-Alpes', 'Rhône (69)');
insert into equipes (id, nom, sport, region, departement) values ('e28', 'Grenoble HB', 'hand', 'Auvergne-Rhône-Alpes', 'Isère (38)');
insert into equipes (id, nom, sport, region, departement) values ('e39', 'Lyon VB', 'volley', 'Auvergne-Rhône-Alpes', 'Rhône (69)');
insert into equipes (id, nom, sport, region, departement) values ('e40', 'Chambéry VB', 'volley', 'Auvergne-Rhône-Alpes', 'Savoie (73)');
insert into equipes (id, nom, sport, region, departement) values ('e41', 'Annecy HB', 'hand', 'Auvergne-Rhône-Alpes', 'Savoie (73)');
insert into equipes (id, nom, sport, region, departement) values ('e42', 'Chambéry HB', 'hand', 'Auvergne-Rhône-Alpes', 'Savoie (73)');
insert into equipes (id, nom, sport, region, departement) values ('e43', 'Bourg-en-Bresse FC', 'foot', 'Auvergne-Rhône-Alpes', 'Ain (01)');
insert into equipes (id, nom, sport, region, departement) values ('e44', 'Ambérieu FC', 'foot', 'Auvergne-Rhône-Alpes', 'Ain (01)');
insert into equipes (id, nom, sport, region, departement) values ('e7', 'Brest HB', 'hand', 'Bretagne', 'Finistère (29)');
insert into equipes (id, nom, sport, region, departement) values ('e8', 'Quimper HB', 'hand', 'Bretagne', 'Finistère (29)');
insert into equipes (id, nom, sport, region, departement) values ('e45', 'Rennes FC B', 'foot', 'Bretagne', 'Ille-et-Vilaine (35)');
insert into equipes (id, nom, sport, region, departement) values ('e46', 'Lorient FC B', 'foot', 'Bretagne', 'Ille-et-Vilaine (35)');
insert into equipes (id, nom, sport, region, departement) values ('e47', 'Rennes Basket', 'basket', 'Bretagne', 'Ille-et-Vilaine (35)');
insert into equipes (id, nom, sport, region, departement) values ('e48', 'Brest Basket', 'basket', 'Bretagne', 'Finistère (29)');
insert into equipes (id, nom, sport, region, departement) values ('e49', 'Quimper VB', 'volley', 'Bretagne', 'Finistère (29)');
insert into equipes (id, nom, sport, region, departement) values ('e50', 'Brest VB', 'volley', 'Bretagne', 'Finistère (29)');
insert into equipes (id, nom, sport, region, departement) values ('e51', 'Vannes HB', 'hand', 'Bretagne', 'Morbihan (56)');
insert into equipes (id, nom, sport, region, departement) values ('e52', 'Saint-Brieuc HB', 'hand', 'Bretagne', 'Côtes-d''Armor (22)');
insert into equipes (id, nom, sport, region, departement) values ('e9', 'Marseille VB', 'volley', 'PACA', 'Bouches-du-Rhône (13)');
insert into equipes (id, nom, sport, region, departement) values ('e10', 'Nice VB', 'volley', 'PACA', 'Alpes-Maritimes (06)');
insert into equipes (id, nom, sport, region, departement) values ('e13', 'Marseille FC B', 'foot', 'PACA', 'Bouches-du-Rhône (13)');
insert into equipes (id, nom, sport, region, departement) values ('e14', 'Toulon FC', 'foot', 'PACA', 'Var (83)');
insert into equipes (id, nom, sport, region, departement) values ('e53', 'Marseille Basket', 'basket', 'PACA', 'Bouches-du-Rhône (13)');
insert into equipes (id, nom, sport, region, departement) values ('e54', 'Aix Basket', 'basket', 'PACA', 'Bouches-du-Rhône (13)');
insert into equipes (id, nom, sport, region, departement) values ('e55', 'Nice FC B', 'foot', 'PACA', 'Alpes-Maritimes (06)');
insert into equipes (id, nom, sport, region, departement) values ('e56', 'Antibes FC', 'foot', 'PACA', 'Alpes-Maritimes (06)');
insert into equipes (id, nom, sport, region, departement) values ('e57', 'Marseille HB', 'hand', 'PACA', 'Bouches-du-Rhône (13)');
insert into equipes (id, nom, sport, region, departement) values ('e58', 'Nice HB', 'hand', 'PACA', 'Alpes-Maritimes (06)');
insert into equipes (id, nom, sport, region, departement) values ('e59', 'Toulon VB', 'volley', 'PACA', 'Var (83)');
insert into equipes (id, nom, sport, region, departement) values ('e60', 'Cannes VB', 'volley', 'PACA', 'Alpes-Maritimes (06)');
insert into equipes (id, nom, sport, region, departement) values ('el1', 'Lille VBC', 'volley', 'Hauts-de-France', 'Nord (59)');
insert into equipes (id, nom, sport, region, departement) values ('el2', 'Roubaix VB', 'volley', 'Hauts-de-France', 'Nord (59)');
insert into equipes (id, nom, sport, region, departement) values ('el3', 'Tourcoing VB', 'volley', 'Hauts-de-France', 'Nord (59)');
insert into equipes (id, nom, sport, region, departement) values ('el4', 'Villeneuve VB', 'volley', 'Hauts-de-France', 'Nord (59)');
insert into equipes (id, nom, sport, region, departement) values ('el5', 'Flandres VB', 'volley', 'Hauts-de-France', 'Nord (59)');
insert into equipes (id, nom, sport, region, departement) values ('el6', 'Lens VB', 'volley', 'Hauts-de-France', 'Pas-de-Calais (62)');
insert into equipes (id, nom, sport, region, departement) values ('el7', 'Arras VB', 'volley', 'Hauts-de-France', 'Pas-de-Calais (62)');
insert into equipes (id, nom, sport, region, departement) values ('el8', 'Dunkerque VB', 'volley', 'Hauts-de-France', 'Nord (59)');
insert into equipes (id, nom, sport, region, departement) values ('el9', 'Métropole VB', 'volley', 'Hauts-de-France', 'Nord (59)');
insert into equipes (id, nom, sport, region, departement) values ('el10', 'Nord VBC', 'volley', 'Hauts-de-France', 'Nord (59)');

-- matchs
insert into matchs (id, sport, equipe_a_id, equipe_a_nom, equipe_b_id, equipe_b_nom, terrain_id, date_heure, division, region, departement, statut, score_a, score_b) values ('m1', 'foot', 'e1', 'Paris FC', 'e2', 'Red Star', 't1', ((date_trunc('day', (now() at time zone 'Europe/Paris')) + interval '13 days' + interval '20 hours' + interval '0 minutes') at time zone 'Europe/Paris'), 'Nationale 1', 'Île-de-France', 'Paris (75)', null, null, null);
insert into matchs (id, sport, equipe_a_id, equipe_a_nom, equipe_b_id, equipe_b_nom, terrain_id, date_heure, division, region, departement, statut, score_a, score_b) values ('m2', 'foot', 'e3', 'Antony FC', 'e4', 'Boulogne FC', 't1', ((date_trunc('day', (now() at time zone 'Europe/Paris')) + interval '65 days' + interval '18 hours' + interval '0 minutes') at time zone 'Europe/Paris'), 'Régionale 2', 'Île-de-France', 'Hauts-de-Seine (92)', null, null, null);
insert into matchs (id, sport, equipe_a_id, equipe_a_nom, equipe_b_id, equipe_b_nom, terrain_id, date_heure, division, region, departement, statut, score_a, score_b) values ('m6', 'basket', 'e11', 'Paris Basket', 'e12', 'Créteil Basket', 't2', ((date_trunc('day', (now() at time zone 'Europe/Paris')) + interval '96 days' + interval '19 hours' + interval '0 minutes') at time zone 'Europe/Paris'), 'Nationale 2', 'Île-de-France', 'Paris (75)', null, null, null);
insert into matchs (id, sport, equipe_a_id, equipe_a_nom, equipe_b_id, equipe_b_nom, terrain_id, date_heure, division, region, departement, statut, score_a, score_b) values ('m8', 'hand', 'e15', 'Paris HB', 'e16', 'Créteil HB', 't2', ((date_trunc('day', (now() at time zone 'Europe/Paris')) + interval '66 days' + interval '20 hours' + interval '0 minutes') at time zone 'Europe/Paris'), 'Régionale 2', 'Île-de-France', 'Paris (75)', null, null, null);
insert into matchs (id, sport, equipe_a_id, equipe_a_nom, equipe_b_id, equipe_b_nom, terrain_id, date_heure, division, region, departement, statut, score_a, score_b) values ('m29', 'foot', 'e29', 'Versailles FC', 'e30', 'Évry FC', 't21', ((date_trunc('day', (now() at time zone 'Europe/Paris')) + interval '97 days' + interval '15 hours' + interval '0 minutes') at time zone 'Europe/Paris'), 'Départementale 3', 'Île-de-France', 'Yvelines (78)', null, null, null);
insert into matchs (id, sport, equipe_a_id, equipe_a_nom, equipe_b_id, equipe_b_nom, terrain_id, date_heure, division, region, departement, statut, score_a, score_b) values ('m30', 'volley', 'e31', 'Paris VB', 'e32', 'Massy VB', 't2', ((date_trunc('day', (now() at time zone 'Europe/Paris')) + interval '66 days' + interval '20 hours' + interval '0 minutes') at time zone 'Europe/Paris'), 'Régionale 2', 'Île-de-France', 'Essonne (91)', null, null, null);
insert into matchs (id, sport, equipe_a_id, equipe_a_nom, equipe_b_id, equipe_b_nom, terrain_id, date_heure, division, region, departement, statut, score_a, score_b) values ('m31', 'hand', 'e33', 'Massy HB', 'e34', 'Ivry HB', 't16', ((date_trunc('day', (now() at time zone 'Europe/Paris')) + interval '97 days' + interval '18 hours' + interval '30 minutes') at time zone 'Europe/Paris'), 'Nationale 3', 'Île-de-France', 'Essonne (91)', null, null, null);
insert into matchs (id, sport, equipe_a_id, equipe_a_nom, equipe_b_id, equipe_b_nom, terrain_id, date_heure, division, region, departement, statut, score_a, score_b) values ('m40', 'foot', 'e30', 'Évry FC', 'e29', 'Versailles FC', 't16', ((date_trunc('day', (now() at time zone 'Europe/Paris')) + interval '67 days' + interval '15 hours' + interval '0 minutes') at time zone 'Europe/Paris'), 'Régionale 3', 'Île-de-France', 'Essonne (91)', null, null, null);
insert into matchs (id, sport, equipe_a_id, equipe_a_nom, equipe_b_id, equipe_b_nom, terrain_id, date_heure, division, region, departement, statut, score_a, score_b) values ('m32', 'basket', 'e35', 'Essonne Basket', 'e36', 'Seine-et-Marne Basket', 't11', ((date_trunc('day', (now() at time zone 'Europe/Paris')) + interval '98 days' + interval '17 hours' + interval '0 minutes') at time zone 'Europe/Paris'), 'Départementale 1', 'Île-de-France', 'Seine-et-Marne (77)', null, null, null);
insert into matchs (id, sport, equipe_a_id, equipe_a_nom, equipe_b_id, equipe_b_nom, terrain_id, date_heure, division, region, departement, statut, score_a, score_b) values ('m3', 'basket', 'e5', 'Montpellier Basket', 'e6', 'Nîmes Basket', 't3', ((date_trunc('day', (now() at time zone 'Europe/Paris')) + interval '14 days' + interval '20 hours' + interval '30 minutes') at time zone 'Europe/Paris'), 'Nationale 1', 'Occitanie', 'Hérault (34)', null, null, null);
insert into matchs (id, sport, equipe_a_id, equipe_a_nom, equipe_b_id, equipe_b_nom, terrain_id, date_heure, division, region, departement, statut, score_a, score_b) values ('m9', 'foot', 'e17', 'Toulouse FC B', 'e18', 'Nîmes FC', 't6', ((date_trunc('day', (now() at time zone 'Europe/Paris')) + interval '67 days' + interval '19 hours' + interval '0 minutes') at time zone 'Europe/Paris'), 'Nationale 1', 'Occitanie', 'Haute-Garonne (31)', null, null, null);
insert into matchs (id, sport, equipe_a_id, equipe_a_nom, equipe_b_id, equipe_b_nom, terrain_id, date_heure, division, region, departement, statut, score_a, score_b) values ('m10', 'hand', 'e19', 'Montpellier HB B', 'e20', 'Toulouse HB', 't3', ((date_trunc('day', (now() at time zone 'Europe/Paris')) + interval '98 days' + interval '21 hours' + interval '0 minutes') at time zone 'Europe/Paris'), 'Nationale 2', 'Occitanie', 'Hérault (34)', null, null, null);
insert into matchs (id, sport, equipe_a_id, equipe_a_nom, equipe_b_id, equipe_b_nom, terrain_id, date_heure, division, region, departement, statut, score_a, score_b) values ('m11', 'volley', 'e21', 'Montpellier VB', 'e22', 'Toulouse VB', 't18', ((date_trunc('day', (now() at time zone 'Europe/Paris')) + interval '68 days' + interval '20 hours' + interval '0 minutes') at time zone 'Europe/Paris'), 'Régionale 1', 'Occitanie', 'Haute-Garonne (31)', null, null, null);
insert into matchs (id, sport, equipe_a_id, equipe_a_nom, equipe_b_id, equipe_b_nom, terrain_id, date_heure, division, region, departement, statut, score_a, score_b) values ('m12', 'basket', 'e17', 'Toulouse Basket', 'e5', 'Montpellier Basket', 't6', ((date_trunc('day', (now() at time zone 'Europe/Paris')) + interval '99 days' + interval '18 hours' + interval '0 minutes') at time zone 'Europe/Paris'), 'Régionale 3', 'Occitanie', 'Haute-Garonne (31)', null, null, null);
insert into matchs (id, sport, equipe_a_id, equipe_a_nom, equipe_b_id, equipe_b_nom, terrain_id, date_heure, division, region, departement, statut, score_a, score_b) values ('m33', 'foot', 'e37', 'Narbonne FC', 'e38', 'Carcassonne FC', 't19', ((date_trunc('day', (now() at time zone 'Europe/Paris')) + interval '68 days' + interval '15 hours' + interval '0 minutes') at time zone 'Europe/Paris'), 'Départementale 2', 'Occitanie', 'Aude (11)', null, null, null);
insert into matchs (id, sport, equipe_a_id, equipe_a_nom, equipe_b_id, equipe_b_nom, terrain_id, date_heure, division, region, departement, statut, score_a, score_b) values ('m13', 'foot', 'e23', 'Lyon FC B', 'e24', 'Grenoble FC', 't8', ((date_trunc('day', (now() at time zone 'Europe/Paris')) + interval '16 days' + interval '20 hours' + interval '0 minutes') at time zone 'Europe/Paris'), 'Régionale 2', 'Auvergne-Rhône-Alpes', 'Rhône (69)', null, null, null);
insert into matchs (id, sport, equipe_a_id, equipe_a_nom, equipe_b_id, equipe_b_nom, terrain_id, date_heure, division, region, departement, statut, score_a, score_b) values ('m14', 'basket', 'e25', 'Lyon Basket', 'e26', 'Grenoble Basket', 't9', ((date_trunc('day', (now() at time zone 'Europe/Paris')) + interval '99 days' + interval '19 hours' + interval '30 minutes') at time zone 'Europe/Paris'), 'Nationale 3', 'Auvergne-Rhône-Alpes', 'Isère (38)', null, null, null);
insert into matchs (id, sport, equipe_a_id, equipe_a_nom, equipe_b_id, equipe_b_nom, terrain_id, date_heure, division, region, departement, statut, score_a, score_b) values ('m15', 'hand', 'e27', 'Lyon HB', 'e28', 'Grenoble HB', 't8', ((date_trunc('day', (now() at time zone 'Europe/Paris')) + interval '69 days' + interval '20 hours' + interval '0 minutes') at time zone 'Europe/Paris'), 'Régionale 1', 'Auvergne-Rhône-Alpes', 'Rhône (69)', null, null, null);
insert into matchs (id, sport, equipe_a_id, equipe_a_nom, equipe_b_id, equipe_b_nom, terrain_id, date_heure, division, region, departement, statut, score_a, score_b) values ('m34', 'volley', 'e39', 'Lyon VB', 'e40', 'Chambéry VB', 't8', ((date_trunc('day', (now() at time zone 'Europe/Paris')) + interval '100 days' + interval '18 hours' + interval '30 minutes') at time zone 'Europe/Paris'), 'Nationale 1', 'Auvergne-Rhône-Alpes', 'Rhône (69)', null, null, null);
insert into matchs (id, sport, equipe_a_id, equipe_a_nom, equipe_b_id, equipe_b_nom, terrain_id, date_heure, division, region, departement, statut, score_a, score_b) values ('m35', 'hand', 'e41', 'Annecy HB', 'e42', 'Chambéry HB', 't20', ((date_trunc('day', (now() at time zone 'Europe/Paris')) + interval '69 days' + interval '17 hours' + interval '0 minutes') at time zone 'Europe/Paris'), 'Départementale 3', 'Auvergne-Rhône-Alpes', 'Savoie (73)', null, null, null);
insert into matchs (id, sport, equipe_a_id, equipe_a_nom, equipe_b_id, equipe_b_nom, terrain_id, date_heure, division, region, departement, statut, score_a, score_b) values ('m36', 'foot', 'e43', 'Bourg-en-Bresse FC', 'e44', 'Ambérieu FC', 't8', ((date_trunc('day', (now() at time zone 'Europe/Paris')) + interval '100 days' + interval '15 hours' + interval '0 minutes') at time zone 'Europe/Paris'), 'Départementale 1', 'Auvergne-Rhône-Alpes', 'Ain (01)', null, null, null);
insert into matchs (id, sport, equipe_a_id, equipe_a_nom, equipe_b_id, equipe_b_nom, terrain_id, date_heure, division, region, departement, statut, score_a, score_b) values ('m4', 'hand', 'e7', 'Brest HB', 'e8', 'Quimper HB', 't12', ((date_trunc('day', (now() at time zone 'Europe/Paris')) + interval '17 days' + interval '19 hours' + interval '0 minutes') at time zone 'Europe/Paris'), 'Départementale 1', 'Bretagne', 'Finistère (29)', null, null, null);
insert into matchs (id, sport, equipe_a_id, equipe_a_nom, equipe_b_id, equipe_b_nom, terrain_id, date_heure, division, region, departement, statut, score_a, score_b) values ('m16', 'foot', 'e45', 'Rennes FC B', 'e46', 'Lorient FC B', 't7', ((date_trunc('day', (now() at time zone 'Europe/Paris')) + interval '70 days' + interval '18 hours' + interval '0 minutes') at time zone 'Europe/Paris'), 'Régionale 2', 'Bretagne', 'Ille-et-Vilaine (35)', null, null, null);
insert into matchs (id, sport, equipe_a_id, equipe_a_nom, equipe_b_id, equipe_b_nom, terrain_id, date_heure, division, region, departement, statut, score_a, score_b) values ('m17', 'basket', 'e47', 'Rennes Basket', 'e48', 'Brest Basket', 't15', ((date_trunc('day', (now() at time zone 'Europe/Paris')) + interval '101 days' + interval '20 hours' + interval '0 minutes') at time zone 'Europe/Paris'), 'Départementale 2', 'Bretagne', 'Ille-et-Vilaine (35)', null, null, null);
insert into matchs (id, sport, equipe_a_id, equipe_a_nom, equipe_b_id, equipe_b_nom, terrain_id, date_heure, division, region, departement, statut, score_a, score_b) values ('m18', 'volley', 'e49', 'Quimper VB', 'e50', 'Brest VB', 't12', ((date_trunc('day', (now() at time zone 'Europe/Paris')) + interval '70 days' + interval '18 hours' + interval '0 minutes') at time zone 'Europe/Paris'), 'Régionale 3', 'Bretagne', 'Finistère (29)', null, null, null);
insert into matchs (id, sport, equipe_a_id, equipe_a_nom, equipe_b_id, equipe_b_nom, terrain_id, date_heure, division, region, departement, statut, score_a, score_b) values ('m37', 'hand', 'e51', 'Vannes HB', 'e52', 'Saint-Brieuc HB', 't17', ((date_trunc('day', (now() at time zone 'Europe/Paris')) + interval '101 days' + interval '20 hours' + interval '0 minutes') at time zone 'Europe/Paris'), 'Régionale 1', 'Bretagne', 'Morbihan (56)', null, null, null);
insert into matchs (id, sport, equipe_a_id, equipe_a_nom, equipe_b_id, equipe_b_nom, terrain_id, date_heure, division, region, departement, statut, score_a, score_b) values ('m5', 'volley', 'e9', 'Marseille VB', 'e10', 'Nice VB', 't5', ((date_trunc('day', (now() at time zone 'Europe/Paris')) + interval '19 days' + interval '21 hours' + interval '0 minutes') at time zone 'Europe/Paris'), 'Nationale 1', 'PACA', 'Bouches-du-Rhône (13)', null, null, null);
insert into matchs (id, sport, equipe_a_id, equipe_a_nom, equipe_b_id, equipe_b_nom, terrain_id, date_heure, division, region, departement, statut, score_a, score_b) values ('m7', 'foot', 'e13', 'Marseille FC B', 'e14', 'Toulon FC', 't10', ((date_trunc('day', (now() at time zone 'Europe/Paris')) + interval '71 days' + interval '20 hours' + interval '0 minutes') at time zone 'Europe/Paris'), 'Régionale 1', 'PACA', 'Bouches-du-Rhône (13)', null, null, null);
insert into matchs (id, sport, equipe_a_id, equipe_a_nom, equipe_b_id, equipe_b_nom, terrain_id, date_heure, division, region, departement, statut, score_a, score_b) values ('m19', 'basket', 'e53', 'Marseille Basket', 'e54', 'Aix Basket', 't5', ((date_trunc('day', (now() at time zone 'Europe/Paris')) + interval '102 days' + interval '20 hours' + interval '0 minutes') at time zone 'Europe/Paris'), 'Nationale 2', 'PACA', 'Bouches-du-Rhône (13)', null, null, null);
insert into matchs (id, sport, equipe_a_id, equipe_a_nom, equipe_b_id, equipe_b_nom, terrain_id, date_heure, division, region, departement, statut, score_a, score_b) values ('m20', 'foot', 'e55', 'Nice FC B', 'e56', 'Antibes FC', 't14', ((date_trunc('day', (now() at time zone 'Europe/Paris')) + interval '71 days' + interval '19 hours' + interval '0 minutes') at time zone 'Europe/Paris'), 'Nationale 1', 'PACA', 'Alpes-Maritimes (06)', null, null, null);
insert into matchs (id, sport, equipe_a_id, equipe_a_nom, equipe_b_id, equipe_b_nom, terrain_id, date_heure, division, region, departement, statut, score_a, score_b) values ('m38', 'hand', 'e57', 'Marseille HB', 'e58', 'Nice HB', 't5', ((date_trunc('day', (now() at time zone 'Europe/Paris')) + interval '102 days' + interval '21 hours' + interval '0 minutes') at time zone 'Europe/Paris'), 'Départementale 2', 'PACA', 'Bouches-du-Rhône (13)', null, null, null);
insert into matchs (id, sport, equipe_a_id, equipe_a_nom, equipe_b_id, equipe_b_nom, terrain_id, date_heure, division, region, departement, statut, score_a, score_b) values ('m39', 'volley', 'e59', 'Toulon VB', 'e60', 'Cannes VB', 't5', ((date_trunc('day', (now() at time zone 'Europe/Paris')) + interval '72 days' + interval '20 hours' + interval '30 minutes') at time zone 'Europe/Paris'), 'Nationale 3', 'PACA', 'Var (83)', null, null, null);
insert into matchs (id, sport, equipe_a_id, equipe_a_nom, equipe_b_id, equipe_b_nom, terrain_id, date_heure, division, region, departement, statut, score_a, score_b) values ('ml1', 'volley', 'el1', 'Lille VBC', 'el2', 'Roubaix VB', 't22', ((date_trunc('day', (now() at time zone 'Europe/Paris')) + interval '20 days' + interval '20 hours' + interval '0 minutes') at time zone 'Europe/Paris'), 'Régionale 1', 'Hauts-de-France', 'Nord (59)', null, null, null);
insert into matchs (id, sport, equipe_a_id, equipe_a_nom, equipe_b_id, equipe_b_nom, terrain_id, date_heure, division, region, departement, statut, score_a, score_b) values ('ml2', 'volley', 'el3', 'Tourcoing VB', 'el4', 'Villeneuve VB', 't26', ((date_trunc('day', (now() at time zone 'Europe/Paris')) + interval '103 days' + interval '18 hours' + interval '30 minutes') at time zone 'Europe/Paris'), 'Régionale 1', 'Hauts-de-France', 'Nord (59)', null, null, null);
insert into matchs (id, sport, equipe_a_id, equipe_a_nom, equipe_b_id, equipe_b_nom, terrain_id, date_heure, division, region, departement, statut, score_a, score_b) values ('ml3', 'volley', 'el5', 'Flandres VB', 'el1', 'Lille VBC', 't23', ((date_trunc('day', (now() at time zone 'Europe/Paris')) + interval '72 days' + interval '19 hours' + interval '0 minutes') at time zone 'Europe/Paris'), 'Nationale 3', 'Hauts-de-France', 'Nord (59)', null, null, null);
insert into matchs (id, sport, equipe_a_id, equipe_a_nom, equipe_b_id, equipe_b_nom, terrain_id, date_heure, division, region, departement, statut, score_a, score_b) values ('ml4', 'volley', 'el6', 'Lens VB', 'el7', 'Arras VB', 't23', ((date_trunc('day', (now() at time zone 'Europe/Paris')) + interval '103 days' + interval '20 hours' + interval '0 minutes') at time zone 'Europe/Paris'), 'Régionale 2', 'Hauts-de-France', 'Pas-de-Calais (62)', null, null, null);
insert into matchs (id, sport, equipe_a_id, equipe_a_nom, equipe_b_id, equipe_b_nom, terrain_id, date_heure, division, region, departement, statut, score_a, score_b) values ('ml5', 'volley', 'el2', 'Roubaix VB', 'el3', 'Tourcoing VB', 't25', ((date_trunc('day', (now() at time zone 'Europe/Paris')) + interval '73 days' + interval '18 hours' + interval '0 minutes') at time zone 'Europe/Paris'), 'Régionale 1', 'Hauts-de-France', 'Nord (59)', null, null, null);
insert into matchs (id, sport, equipe_a_id, equipe_a_nom, equipe_b_id, equipe_b_nom, terrain_id, date_heure, division, region, departement, statut, score_a, score_b) values ('ml6', 'volley', 'el4', 'Villeneuve VB', 'el8', 'Dunkerque VB', 't24', ((date_trunc('day', (now() at time zone 'Europe/Paris')) + interval '104 days' + interval '20 hours' + interval '30 minutes') at time zone 'Europe/Paris'), 'Nationale 3', 'Hauts-de-France', 'Nord (59)', null, null, null);
insert into matchs (id, sport, equipe_a_id, equipe_a_nom, equipe_b_id, equipe_b_nom, terrain_id, date_heure, division, region, departement, statut, score_a, score_b) values ('ml7', 'volley', 'el5', 'Flandres VB', 'el6', 'Lens VB', 't22', ((date_trunc('day', (now() at time zone 'Europe/Paris')) + interval '73 days' + interval '19 hours' + interval '0 minutes') at time zone 'Europe/Paris'), 'Régionale 2', 'Hauts-de-France', 'Nord (59)', null, null, null);
insert into matchs (id, sport, equipe_a_id, equipe_a_nom, equipe_b_id, equipe_b_nom, terrain_id, date_heure, division, region, departement, statut, score_a, score_b) values ('ml8', 'volley', 'el1', 'Lille VBC', 'el4', 'Villeneuve VB', 't22', ((date_trunc('day', (now() at time zone 'Europe/Paris')) + interval '104 days' + interval '20 hours' + interval '0 minutes') at time zone 'Europe/Paris'), 'Nationale 3', 'Hauts-de-France', 'Nord (59)', null, null, null);
insert into matchs (id, sport, equipe_a_id, equipe_a_nom, equipe_b_id, equipe_b_nom, terrain_id, date_heure, division, region, departement, statut, score_a, score_b) values ('mlp1', 'volley', 'el1', 'Lille VBC', 'el3', 'Tourcoing VB', 't22', ((date_trunc('day', (now() at time zone 'Europe/Paris')) - interval '7 days' + interval '20 hours' + interval '0 minutes') at time zone 'Europe/Paris'), 'Nationale 3', 'Hauts-de-France', 'Nord (59)', 'terminé', 3, 1);
insert into matchs (id, sport, equipe_a_id, equipe_a_nom, equipe_b_id, equipe_b_nom, terrain_id, date_heure, division, region, departement, statut, score_a, score_b) values ('mlp2', 'volley', 'el2', 'Roubaix VB', 'el5', 'Flandres VB', 't25', ((date_trunc('day', (now() at time zone 'Europe/Paris')) - interval '5 days' + interval '19 hours' + interval '0 minutes') at time zone 'Europe/Paris'), 'Régionale 1', 'Hauts-de-France', 'Nord (59)', 'terminé', 2, 3);
insert into matchs (id, sport, equipe_a_id, equipe_a_nom, equipe_b_id, equipe_b_nom, terrain_id, date_heure, division, region, departement, statut, score_a, score_b) values ('mlp3', 'volley', 'el4', 'Villeneuve VB', 'el1', 'Lille VBC', 't24', ((date_trunc('day', (now() at time zone 'Europe/Paris')) - interval '3 days' + interval '20 hours' + interval '0 minutes') at time zone 'Europe/Paris'), 'Nationale 3', 'Hauts-de-France', 'Nord (59)', 'terminé', 1, 3);
insert into matchs (id, sport, equipe_a_id, equipe_a_nom, equipe_b_id, equipe_b_nom, terrain_id, date_heure, division, region, departement, statut, score_a, score_b) values ('mlp4', 'volley', 'el7', 'Arras VB', 'el8', 'Dunkerque VB', 't23', ((date_trunc('day', (now() at time zone 'Europe/Paris')) - interval '10 days' + interval '18 hours' + interval '30 minutes') at time zone 'Europe/Paris'), 'Régionale 2', 'Hauts-de-France', 'Nord (59)', 'terminé', 3, 2);
insert into matchs (id, sport, equipe_a_id, equipe_a_nom, equipe_b_id, equipe_b_nom, terrain_id, date_heure, division, region, departement, statut, score_a, score_b) values ('mp1', 'foot', 'e2', 'Red Star', 'e1', 'Paris FC', 't1', ((date_trunc('day', (now() at time zone 'Europe/Paris')) - interval '7 days' + interval '20 hours' + interval '0 minutes') at time zone 'Europe/Paris'), 'Nationale 1', 'Île-de-France', 'Paris (75)', 'terminé', 2, 1);
insert into matchs (id, sport, equipe_a_id, equipe_a_nom, equipe_b_id, equipe_b_nom, terrain_id, date_heure, division, region, departement, statut, score_a, score_b) values ('mp2', 'foot', 'e1', 'Paris FC', 'e3', 'Antony FC', 't1', ((date_trunc('day', (now() at time zone 'Europe/Paris')) - interval '14 days' + interval '18 hours' + interval '0 minutes') at time zone 'Europe/Paris'), 'Nationale 1', 'Île-de-France', 'Paris (75)', 'terminé', 3, 0);
insert into matchs (id, sport, equipe_a_id, equipe_a_nom, equipe_b_id, equipe_b_nom, terrain_id, date_heure, division, region, departement, statut, score_a, score_b) values ('mp3', 'basket', 'e12', 'Créteil Basket', 'e11', 'Paris Basket', 't2', ((date_trunc('day', (now() at time zone 'Europe/Paris')) - interval '10 days' + interval '19 hours' + interval '0 minutes') at time zone 'Europe/Paris'), 'Nationale 2', 'Île-de-France', 'Paris (75)', 'terminé', 78, 65);
insert into matchs (id, sport, equipe_a_id, equipe_a_nom, equipe_b_id, equipe_b_nom, terrain_id, date_heure, division, region, departement, statut, score_a, score_b) values ('mp4', 'basket', 'e5', 'Montpellier Basket', 'e6', 'Nîmes Basket', 't3', ((date_trunc('day', (now() at time zone 'Europe/Paris')) - interval '5 days' + interval '20 hours' + interval '30 minutes') at time zone 'Europe/Paris'), 'Nationale 1', 'Occitanie', 'Hérault (34)', 'terminé', 82, 75);
insert into matchs (id, sport, equipe_a_id, equipe_a_nom, equipe_b_id, equipe_b_nom, terrain_id, date_heure, division, region, departement, statut, score_a, score_b) values ('mp5', 'foot', 'e23', 'Lyon FC B', 'e24', 'Grenoble FC', 't8', ((date_trunc('day', (now() at time zone 'Europe/Paris')) - interval '3 days' + interval '20 hours' + interval '0 minutes') at time zone 'Europe/Paris'), 'Régionale 2', 'Auvergne-Rhône-Alpes', 'Rhône (69)', 'terminé', 1, 1);
insert into matchs (id, sport, equipe_a_id, equipe_a_nom, equipe_b_id, equipe_b_nom, terrain_id, date_heure, division, region, departement, statut, score_a, score_b) values ('mp6', 'hand', 'e7', 'Brest HB', 'e8', 'Quimper HB', 't12', ((date_trunc('day', (now() at time zone 'Europe/Paris')) - interval '21 days' + interval '19 hours' + interval '0 minutes') at time zone 'Europe/Paris'), 'Départementale 1', 'Bretagne', 'Finistère (29)', 'terminé', 28, 24);
insert into matchs (id, sport, equipe_a_id, equipe_a_nom, equipe_b_id, equipe_b_nom, terrain_id, date_heure, division, region, departement, statut, score_a, score_b) values ('mp7', 'volley', 'e9', 'Marseille VB', 'e10', 'Nice VB', 't5', ((date_trunc('day', (now() at time zone 'Europe/Paris')) - interval '4 days' + interval '21 hours' + interval '0 minutes') at time zone 'Europe/Paris'), 'Nationale 1', 'PACA', 'Bouches-du-Rhône (13)', 'terminé', 3, 1);
insert into matchs (id, sport, equipe_a_id, equipe_a_nom, equipe_b_id, equipe_b_nom, terrain_id, date_heure, division, region, departement, statut, score_a, score_b) values ('mp8', 'foot', 'e13', 'Marseille FC B', 'e14', 'Toulon FC', 't10', ((date_trunc('day', (now() at time zone 'Europe/Paris')) - interval '9 days' + interval '20 hours' + interval '0 minutes') at time zone 'Europe/Paris'), 'Régionale 1', 'PACA', 'Bouches-du-Rhône (13)', 'terminé', 0, 2);
insert into matchs (id, sport, equipe_a_id, equipe_a_nom, equipe_b_id, equipe_b_nom, terrain_id, date_heure, division, region, departement, statut, score_a, score_b) values ('mp9', 'hand', 'e19', 'Montpellier HB B', 'e20', 'Toulouse HB', 't3', ((date_trunc('day', (now() at time zone 'Europe/Paris')) - interval '6 days' + interval '21 hours' + interval '0 minutes') at time zone 'Europe/Paris'), 'Nationale 2', 'Occitanie', 'Hérault (34)', 'terminé', 32, 29);
insert into matchs (id, sport, equipe_a_id, equipe_a_nom, equipe_b_id, equipe_b_nom, terrain_id, date_heure, division, region, departement, statut, score_a, score_b) values ('mp10', 'basket', 'e25', 'Lyon Basket', 'e26', 'Grenoble Basket', 't9', ((date_trunc('day', (now() at time zone 'Europe/Paris')) - interval '12 days' + interval '19 hours' + interval '30 minutes') at time zone 'Europe/Paris'), 'Nationale 3', 'Auvergne-Rhône-Alpes', 'Isère (38)', 'terminé', 91, 88);

-- tournois
insert into tournois (id, nom, sport, description, photo_url, terrain_id, terrain_nom, terrain_ville, organisateur_id, organisateur_nom, date_debut, date_fin, date_cloture_inscription, prix_inscription, max_equipes, equipes_inscrites, taille_equipe, statut, region, departement) values ('to1', 'Tournoi de l''Été Parisien', 'foot', 'Le grand tournoi estival de la région parisienne. Matchs en 5v5 sur gazon synthétique. Trophée + médailles pour les 3 premiers. Arbitres officiels fournis. Buvette et animations sur place toute la journée.', 'https://images.unsplash.com/photo-1529900748604-07564a03e7a6?w=900&auto=format', 't1', 'Stade Charléty', 'Paris', 'admin1', 'Paris FC', ((date_trunc('day', (now() at time zone 'Europe/Paris')) + interval '96 days' + interval '9 hours' + interval '0 minutes') at time zone 'Europe/Paris'), ((date_trunc('day', (now() at time zone 'Europe/Paris')) + interval '97 days' + interval '9 hours' + interval '0 minutes') at time zone 'Europe/Paris'), ((date_trunc('day', (now() at time zone 'Europe/Paris')) + interval '91 days' + interval '9 hours' + interval '0 minutes') at time zone 'Europe/Paris'), 4000, 16, 11, 5, 'ouvert', 'Île-de-France', 'Paris (75)');
insert into tournois (id, nom, sport, description, photo_url, terrain_id, terrain_nom, terrain_ville, organisateur_id, organisateur_nom, date_debut, date_fin, date_cloture_inscription, prix_inscription, max_equipes, equipes_inscrites, taille_equipe, statut, region, departement) values ('to2', 'Summer Basket Cup', 'basket', 'Tournoi 3x3 en plein air. Format rapide, ambiance festive. DJ set + buvette sur place. Catégories Homme / Femme / Mixte. Les équipes jouent minimum 4 matchs garantis.', 'https://images.unsplash.com/photo-1546519638391-bb197d0bc7f5?w=900&auto=format', 't2', 'Palais des Sports de Paris', 'Paris', 'admin2', 'Paris Basket', ((date_trunc('day', (now() at time zone 'Europe/Paris')) + interval '65 days' + interval '9 hours' + interval '0 minutes') at time zone 'Europe/Paris'), ((date_trunc('day', (now() at time zone 'Europe/Paris')) + interval '65 days' + interval '9 hours' + interval '0 minutes') at time zone 'Europe/Paris'), ((date_trunc('day', (now() at time zone 'Europe/Paris')) + interval '62 days' + interval '9 hours' + interval '0 minutes') at time zone 'Europe/Paris'), 2500, 32, 32, 3, 'complet', 'Île-de-France', 'Paris (75)');
insert into tournois (id, nom, sport, description, photo_url, terrain_id, terrain_nom, terrain_ville, organisateur_id, organisateur_nom, date_debut, date_fin, date_cloture_inscription, prix_inscription, max_equipes, equipes_inscrites, taille_equipe, statut, region, departement) values ('to3', 'Open Handball Montpellier', 'hand', 'Tournoi régional de handball avec équipes de toute l''Occitanie. Niveau Régionale et Nationale uniquement. Vestiaires et douches disponibles sur place.', 'https://images.unsplash.com/photo-1593341646782-e0b495cff86d?w=900&auto=format', 't3', 'Gymnase Montpellier Sud', 'Montpellier', 'admin3', 'Montpellier HB B', ((date_trunc('day', (now() at time zone 'Europe/Paris')) + interval '99 days' + interval '9 hours' + interval '0 minutes') at time zone 'Europe/Paris'), ((date_trunc('day', (now() at time zone 'Europe/Paris')) + interval '100 days' + interval '9 hours' + interval '0 minutes') at time zone 'Europe/Paris'), ((date_trunc('day', (now() at time zone 'Europe/Paris')) + interval '93 days' + interval '9 hours' + interval '0 minutes') at time zone 'Europe/Paris'), 5000, 12, 4, 7, 'ouvert', 'Occitanie', 'Hérault (34)');
insert into tournois (id, nom, sport, description, photo_url, terrain_id, terrain_nom, terrain_ville, organisateur_id, organisateur_nom, date_debut, date_fin, date_cloture_inscription, prix_inscription, max_equipes, equipes_inscrites, taille_equipe, statut, region, departement) values ('to4', 'Volley Beach Marseille', 'volley', 'Tournoi de beach-volley sur sable importé. Ambiance bord de mer garantie. Paires mixtes uniquement. Prix en nature, coupes et médailles. Accès plage inclus.', 'https://images.unsplash.com/photo-1612872087720-bb876e2e67d1?w=900&auto=format', 't5', 'Palais des Sports de Marseille', 'Marseille', 'admin4', 'Marseille VB', ((date_trunc('day', (now() at time zone 'Europe/Paris')) + interval '101 days' + interval '9 hours' + interval '0 minutes') at time zone 'Europe/Paris'), ((date_trunc('day', (now() at time zone 'Europe/Paris')) + interval '102 days' + interval '9 hours' + interval '0 minutes') at time zone 'Europe/Paris'), ((date_trunc('day', (now() at time zone 'Europe/Paris')) + interval '95 days' + interval '9 hours' + interval '0 minutes') at time zone 'Europe/Paris'), 3000, 24, 17, 4, 'ouvert', 'PACA', 'Bouches-du-Rhône (13)');
insert into tournois (id, nom, sport, description, photo_url, terrain_id, terrain_nom, terrain_ville, organisateur_id, organisateur_nom, date_debut, date_fin, date_cloture_inscription, prix_inscription, max_equipes, equipes_inscrites, taille_equipe, statut, region, departement) values ('to5', 'Tournoi des Champions Rennes', 'foot', 'Tournoi élite 11v11 sur pelouse naturelle. Retransmission live sur les réseaux sociaux. Équipes de niveau Régionale 1 minimum. Trophée + dotation pour le vainqueur.', 'https://images.unsplash.com/photo-1574629810360-7efbbe195018?w=900&auto=format', 't7', 'Roazhon Park', 'Rennes', 'admin5', 'Rennes FC B', ((date_trunc('day', (now() at time zone 'Europe/Paris')) + interval '13 days' + interval '9 hours' + interval '0 minutes') at time zone 'Europe/Paris'), ((date_trunc('day', (now() at time zone 'Europe/Paris')) + interval '16 days' + interval '9 hours' + interval '0 minutes') at time zone 'Europe/Paris'), ((date_trunc('day', (now() at time zone 'Europe/Paris')) + interval '1 days' + interval '9 hours' + interval '0 minutes') at time zone 'Europe/Paris'), 8000, 8, 8, 11, 'complet', 'Bretagne', 'Ille-et-Vilaine (35)');
insert into tournois (id, nom, sport, description, photo_url, terrain_id, terrain_nom, terrain_ville, organisateur_id, organisateur_nom, date_debut, date_fin, date_cloture_inscription, prix_inscription, max_equipes, equipes_inscrites, taille_equipe, statut, region, departement) values ('to6', 'Lyon Basket Summer Jam', 'basket', '5v5 indoor sur parquet. Tournoi ouvert à tous niveaux. DJ, food trucks, concours de dunk. Trophées par catégorie.', 'https://images.unsplash.com/photo-1504450758481-7338eba7524a?w=900&auto=format', 't8', 'Gymnase Tony Bertrand', 'Lyon', 'admin6', 'Lyon Basket', ((date_trunc('day', (now() at time zone 'Europe/Paris')) + interval '104 days' + interval '9 hours' + interval '0 minutes') at time zone 'Europe/Paris'), ((date_trunc('day', (now() at time zone 'Europe/Paris')) + interval '104 days' + interval '9 hours' + interval '0 minutes') at time zone 'Europe/Paris'), ((date_trunc('day', (now() at time zone 'Europe/Paris')) + interval '97 days' + interval '9 hours' + interval '0 minutes') at time zone 'Europe/Paris'), 3500, 16, 3, 5, 'ouvert', 'Auvergne-Rhône-Alpes', 'Rhône (69)');
insert into tournois (id, nom, sport, description, photo_url, terrain_id, terrain_nom, terrain_ville, organisateur_id, organisateur_nom, date_debut, date_fin, date_cloture_inscription, prix_inscription, max_equipes, equipes_inscrites, taille_equipe, statut, region, departement) values ('tol1', 'Lille Summer Volley Cup', 'volley', 'Le grand tournoi estival de volley-ball de la métropole lilloise. Format 6v6 indoor sur parquet. Arbitres officiels, trophées et médailles pour les 3 premières équipes. Ambiance garantie, buvette sur place toute la journée. Ouvert à tous les niveaux à partir de Régionale 2.', 'https://images.unsplash.com/photo-1612872087720-bb876e2e67d1?w=900&auto=format', 't22', 'Complexe Sportif Caulier', 'Lille', 'admin', 'Lille VBC', ((date_trunc('day', (now() at time zone 'Europe/Paris')) + interval '68 days' + interval '9 hours' + interval '0 minutes') at time zone 'Europe/Paris'), ((date_trunc('day', (now() at time zone 'Europe/Paris')) + interval '69 days' + interval '9 hours' + interval '0 minutes') at time zone 'Europe/Paris'), ((date_trunc('day', (now() at time zone 'Europe/Paris')) + interval '62 days' + interval '9 hours' + interval '0 minutes') at time zone 'Europe/Paris'), 4500, 16, 7, 6, 'ouvert', 'Hauts-de-France', 'Nord (59)');
insert into tournois (id, nom, sport, description, photo_url, terrain_id, terrain_nom, terrain_ville, organisateur_id, organisateur_nom, date_debut, date_fin, date_cloture_inscription, prix_inscription, max_equipes, equipes_inscrites, taille_equipe, statut, region, departement) values ('tol2', 'Open Nord 4v4 — Beach Indoor', 'volley', 'Tournoi de volley 4v4 en salle sur sable aménagé. Format rapide et dynamique. Catégories Homme / Femme / Mixte. Chaque équipe dispute minimum 4 matchs. DJ set et food trucks. Idéal pour les clubs cherchant un format compétitif et festif.', 'https://images.unsplash.com/photo-1612872087720-bb876e2e67d1?w=900&auto=format', 't23', 'Salle Omnisports Porte de Valenciennes', 'Lille', 'admin', 'Flandres VB', ((date_trunc('day', (now() at time zone 'Europe/Paris')) + interval '70 days' + interval '9 hours' + interval '0 minutes') at time zone 'Europe/Paris'), ((date_trunc('day', (now() at time zone 'Europe/Paris')) + interval '70 days' + interval '9 hours' + interval '0 minutes') at time zone 'Europe/Paris'), ((date_trunc('day', (now() at time zone 'Europe/Paris')) + interval '63 days' + interval '9 hours' + interval '0 minutes') at time zone 'Europe/Paris'), 3000, 24, 5, 4, 'ouvert', 'Hauts-de-France', 'Nord (59)');
insert into tournois (id, nom, sport, description, photo_url, terrain_id, terrain_nom, terrain_ville, organisateur_id, organisateur_nom, date_debut, date_fin, date_cloture_inscription, prix_inscription, max_equipes, equipes_inscrites, taille_equipe, statut, region, departement) values ('tol3', 'Tournoi Inter-Clubs Hauts-de-France', 'volley', 'Compétition officielle inter-clubs réunissant les meilleurs clubs de la région. 6v6, niveau Nationale 3 minimum. Retransmission en direct sur les réseaux sociaux. Trophée du champion régional + prime pour le vainqueur. Logistique complète assurée par les organisateurs.', 'https://images.unsplash.com/photo-1612872087720-bb876e2e67d1?w=900&auto=format', 't24', 'Gymnase Université de Lille', 'Villeneuve-d''Ascq', 'admin', 'Ligue HDF Volley', ((date_trunc('day', (now() at time zone 'Europe/Paris')) + interval '73 days' + interval '9 hours' + interval '0 minutes') at time zone 'Europe/Paris'), ((date_trunc('day', (now() at time zone 'Europe/Paris')) + interval '74 days' + interval '9 hours' + interval '0 minutes') at time zone 'Europe/Paris'), ((date_trunc('day', (now() at time zone 'Europe/Paris')) + interval '66 days' + interval '9 hours' + interval '0 minutes') at time zone 'Europe/Paris'), 6000, 12, 3, 6, 'ouvert', 'Hauts-de-France', 'Nord (59)');
insert into tournois (id, nom, sport, description, photo_url, terrain_id, terrain_nom, terrain_ville, organisateur_id, organisateur_nom, date_debut, date_fin, date_cloture_inscription, prix_inscription, max_equipes, equipes_inscrites, taille_equipe, statut, region, departement) values ('tol4', 'Tournoi 2v2 Beach Volley Lille', 'volley', 'Premier tournoi de beach volley 2v2 en salle à Lille. Sable véritable importé, éclairage professionnel. Paires mixtes et hommes. Ambiance décontractée, tenue beach obligatoire. Accès vestiaires + douches inclus. Buvette et animations DJ.', 'https://images.unsplash.com/photo-1612872087720-bb876e2e67d1?w=900&auto=format', 't22', 'Complexe Sportif Caulier', 'Lille', 'admin', 'Lille VBC', ((date_trunc('day', (now() at time zone 'Europe/Paris')) + interval '20 days' + interval '9 hours' + interval '0 minutes') at time zone 'Europe/Paris'), ((date_trunc('day', (now() at time zone 'Europe/Paris')) + interval '20 days' + interval '9 hours' + interval '0 minutes') at time zone 'Europe/Paris'), ((date_trunc('day', (now() at time zone 'Europe/Paris')) + interval '17 days' + interval '9 hours' + interval '0 minutes') at time zone 'Europe/Paris'), 2000, 32, 32, 2, 'complet', 'Hauts-de-France', 'Nord (59)');

-- inscriptions
insert into inscriptions (id, tournoi_id, equipe_id, equipe_nom, capitaine_uid, capitaine_email, membres, date_inscription, statut, stripe_payment_intent_id, montant_paye) values ('ins1', 'to1', 'eq1', 'Les Invincibles', 'u1', 'kevin.m@gmail.com', ARRAY['Kevin M.', 'Sacha D.', 'Liam B.', 'Noah T.', 'Ethan R.']::text[], '2026-07-11T13:53:17.420Z'::timestamptz, 'confirmée', null, 4000);
insert into inscriptions (id, tournoi_id, equipe_id, equipe_nom, capitaine_uid, capitaine_email, membres, date_inscription, statut, stripe_payment_intent_id, montant_paye) values ('ins2', 'to1', 'eq2', 'FC Belleville', 'u2', 'alexis.r@outlook.fr', ARRAY['Alexis R.', 'Julien C.', 'Mehdi A.', 'Rayan S.', 'Dylan P.']::text[], '2026-07-12T13:53:17.420Z'::timestamptz, 'confirmée', null, 4000);
insert into inscriptions (id, tournoi_id, equipe_id, equipe_nom, capitaine_uid, capitaine_email, membres, date_inscription, statut, stripe_payment_intent_id, montant_paye) values ('ins3', 'to1', 'eq3', 'Red Stars', 'u3', 'omar.b@gmail.com', ARRAY['Omar B.', 'Karim L.', 'Youssef H.', 'Adam N.', 'Bilal Z.']::text[], '2026-07-13T13:53:17.420Z'::timestamptz, 'confirmée', null, 4000);
insert into inscriptions (id, tournoi_id, equipe_id, equipe_nom, capitaine_uid, capitaine_email, membres, date_inscription, statut, stripe_payment_intent_id, montant_paye) values ('ins4', 'to1', 'eq4', 'Stade 18', 'u4', 'pierre.l@gmail.com', ARRAY['Pierre L.', 'Antoine G.', 'Baptiste V.', 'Clément F.', 'Hugo M.']::text[], '2026-07-14T13:53:17.420Z'::timestamptz, 'confirmée', null, 4000);
insert into inscriptions (id, tournoi_id, equipe_id, equipe_nom, capitaine_uid, capitaine_email, membres, date_inscription, statut, stripe_payment_intent_id, montant_paye) values ('ins5', 'to1', 'eq5', 'Dream Team 75', 'u5', 'thomas.d@hotmail.fr', ARRAY['Thomas D.', 'Nicolas B.', 'Maxime C.', 'Quentin A.', 'Adrien S.']::text[], '2026-07-14T13:53:17.420Z'::timestamptz, 'confirmée', null, 4000);
insert into inscriptions (id, tournoi_id, equipe_id, equipe_nom, capitaine_uid, capitaine_email, membres, date_inscription, statut, stripe_payment_intent_id, montant_paye) values ('ins6', 'to1', 'eq6', 'Golden Boys', 'u6', 'ibrahim.d@gmail.com', ARRAY['Ibrahim D.', 'Sofiane K.', 'Amine B.', 'Hamza T.', 'Ismail R.']::text[], '2026-07-15T13:53:17.420Z'::timestamptz, 'confirmée', null, 4000);
insert into inscriptions (id, tournoi_id, equipe_id, equipe_nom, capitaine_uid, capitaine_email, membres, date_inscription, statut, stripe_payment_intent_id, montant_paye) values ('ins7', 'to1', 'eq7', 'Street Force', 'u7', 'lucas.m@gmail.com', ARRAY['Lucas M.', 'Tom B.', 'Theo P.', 'Martin C.', 'Oscar V.']::text[], '2026-07-15T13:53:17.420Z'::timestamptz, 'confirmée', null, 4000);
insert into inscriptions (id, tournoi_id, equipe_id, equipe_nom, capitaine_uid, capitaine_email, membres, date_inscription, statut, stripe_payment_intent_id, montant_paye) values ('ins8', 'to1', 'eq8', 'Les Guerriers', 'u8', 'rachid.b@gmail.com', ARRAY['Rachid B.', 'Farid M.', 'Nassim O.', 'Walid S.', 'Moussa C.']::text[], '2026-07-16T13:53:17.420Z'::timestamptz, 'confirmée', null, 4000);
insert into inscriptions (id, tournoi_id, equipe_id, equipe_nom, capitaine_uid, capitaine_email, membres, date_inscription, statut, stripe_payment_intent_id, montant_paye) values ('ins9', 'to1', 'eq9', 'Titan FC', 'u9', 'paul.v@gmail.com', ARRAY['Paul V.', 'Simon R.', 'Théo G.', 'Jules A.', 'Léo F.']::text[], '2026-07-17T13:53:17.420Z'::timestamptz, 'confirmée', null, 4000);
insert into inscriptions (id, tournoi_id, equipe_id, equipe_nom, capitaine_uid, capitaine_email, membres, date_inscription, statut, stripe_payment_intent_id, montant_paye) values ('ins10', 'to1', 'eq10', 'Phenix FC', 'u10', 'david.t@gmail.com', ARRAY['David T.', 'Yann B.', 'Remi C.', 'Florian M.', 'Axel P.']::text[], '2026-07-17T13:53:17.420Z'::timestamptz, 'confirmée', null, 4000);
insert into inscriptions (id, tournoi_id, equipe_id, equipe_nom, capitaine_uid, capitaine_email, membres, date_inscription, statut, stripe_payment_intent_id, montant_paye) values ('ins11', 'to1', 'eq11', 'Rising Stars', 'u11', 'mehmet.k@gmail.com', ARRAY['Mehmet K.', 'Ali D.', 'Baran S.', 'Emre T.', 'Kerim Y.']::text[], '2026-07-18T13:53:17.420Z'::timestamptz, 'en_attente_paiement', null, null);
insert into inscriptions (id, tournoi_id, equipe_id, equipe_nom, capitaine_uid, capitaine_email, membres, date_inscription, statut, stripe_payment_intent_id, montant_paye) values ('ins20', 'to2', 'bq1', 'Slam Dunk Crew', 'b1', 'jordan.p@gmail.com', ARRAY['Jordan P.', 'Kyle M.', 'Darius B.']::text[], '2026-07-07T13:53:17.420Z'::timestamptz, 'confirmée', null, 2500);
insert into inscriptions (id, tournoi_id, equipe_id, equipe_nom, capitaine_uid, capitaine_email, membres, date_inscription, statut, stripe_payment_intent_id, montant_paye) values ('ins21', 'to2', 'bq2', 'Alley-Oop', 'b2', 'marcus.j@gmail.com', ARRAY['Marcus J.', 'Terrell W.', 'Leon B.']::text[], '2026-07-08T13:53:17.420Z'::timestamptz, 'confirmée', null, 2500);
insert into inscriptions (id, tournoi_id, equipe_id, equipe_nom, capitaine_uid, capitaine_email, membres, date_inscription, statut, stripe_payment_intent_id, montant_paye) values ('ins22', 'to2', 'bq3', 'Swish Squad', 'b3', 'chris.n@outlook.fr', ARRAY['Chris N.', 'Dante V.', 'Elias K.']::text[], '2026-07-09T13:53:17.420Z'::timestamptz, 'confirmée', null, 2500);
insert into inscriptions (id, tournoi_id, equipe_id, equipe_nom, capitaine_uid, capitaine_email, membres, date_inscription, statut, stripe_payment_intent_id, montant_paye) values ('ins23', 'to2', 'bq4', '3-Point Factory', 'b4', 'yann.d@gmail.com', ARRAY['Yann D.', 'Kévin G.', 'Samir T.']::text[], '2026-07-10T13:53:17.420Z'::timestamptz, 'annulée', null, null);
insert into inscriptions (id, tournoi_id, equipe_id, equipe_nom, capitaine_uid, capitaine_email, membres, date_inscription, statut, stripe_payment_intent_id, montant_paye) values ('ins30', 'to3', 'hq1', 'Hérault Warriors', 'h1', 'fabien.r@gmail.com', ARRAY['Fabien R.', 'Nico S.', 'Adrien P.', 'Léo M.', 'Tom C.', 'Hugo B.', 'Romain V.']::text[], '2026-07-13T13:53:17.420Z'::timestamptz, 'confirmée', null, 5000);
insert into inscriptions (id, tournoi_id, equipe_id, equipe_nom, capitaine_uid, capitaine_email, membres, date_inscription, statut, stripe_payment_intent_id, montant_paye) values ('ins31', 'to3', 'hq2', 'MHB Academy', 'h2', 'jb.dupont@gmail.com', ARRAY['Jean-Baptiste D.', 'Antoine F.', 'Maxime L.', 'Samuel B.', 'Raphaël C.', 'François M.', 'Julien T.']::text[], '2026-07-14T13:53:17.420Z'::timestamptz, 'confirmée', null, 5000);
insert into inscriptions (id, tournoi_id, equipe_id, equipe_nom, capitaine_uid, capitaine_email, membres, date_inscription, statut, stripe_payment_intent_id, montant_paye) values ('ins32', 'to3', 'hq3', 'Gard Elite', 'h3', 'christophe.v@hotmail.fr', ARRAY['Christophe V.', 'Philippe R.', 'Guillaume T.', 'Mathieu S.', 'Alexis D.', 'Cédric B.', 'Thibaut M.']::text[], '2026-07-15T13:53:17.420Z'::timestamptz, 'confirmée', null, 5000);
insert into inscriptions (id, tournoi_id, equipe_id, equipe_nom, capitaine_uid, capitaine_email, membres, date_inscription, statut, stripe_payment_intent_id, montant_paye) values ('ins33', 'to3', 'hq4', 'Nîmes HBC', 'h4', 'stephane.m@gmail.com', ARRAY['Stéphane M.', 'Laurent C.', 'Didier P.', 'Éric T.', 'Pascal R.', 'Bruno V.', 'Denis S.']::text[], '2026-07-17T13:53:17.420Z'::timestamptz, 'en_attente_paiement', null, null);
insert into inscriptions (id, tournoi_id, equipe_id, equipe_nom, capitaine_uid, capitaine_email, membres, date_inscription, statut, stripe_payment_intent_id, montant_paye) values ('insb1', 'tol4', 'bl1', 'Sable & Smash', 'lb1', 'theo.d@gmail.com', ARRAY['Théo D.', 'Lucas M.']::text[], '2026-07-07T13:53:17.420Z'::timestamptz, 'confirmée', null, 2000);
insert into inscriptions (id, tournoi_id, equipe_id, equipe_nom, capitaine_uid, capitaine_email, membres, date_inscription, statut, stripe_payment_intent_id, montant_paye) values ('insb2', 'tol4', 'bl2', 'Block Party', 'lb2', 'sofia.r@gmail.com', ARRAY['Sofia R.', 'Camille B.']::text[], '2026-07-08T13:53:17.420Z'::timestamptz, 'confirmée', null, 2000);
insert into inscriptions (id, tournoi_id, equipe_id, equipe_nom, capitaine_uid, capitaine_email, membres, date_inscription, statut, stripe_payment_intent_id, montant_paye) values ('insb3', 'tol4', 'bl3', 'Les Smasheuses', 'lb3', 'marine.v@gmail.com', ARRAY['Marine V.', 'Jade T.']::text[], '2026-07-09T13:53:17.420Z'::timestamptz, 'confirmée', null, 2000);
insert into inscriptions (id, tournoi_id, equipe_id, equipe_nom, capitaine_uid, capitaine_email, membres, date_inscription, statut, stripe_payment_intent_id, montant_paye) values ('insb4', 'tol4', 'bl4', 'Dig or Die', 'lb4', 'romain.f@gmail.com', ARRAY['Romain F.', 'Maxence P.']::text[], '2026-07-09T13:53:17.420Z'::timestamptz, 'confirmée', null, 2000);
insert into inscriptions (id, tournoi_id, equipe_id, equipe_nom, capitaine_uid, capitaine_email, membres, date_inscription, statut, stripe_payment_intent_id, montant_paye) values ('insb5', 'tol4', 'bl5', 'Set & Spike', 'lb5', 'julien.c@gmail.com', ARRAY['Julien C.', 'Baptiste L.']::text[], '2026-07-10T13:53:17.420Z'::timestamptz, 'confirmée', null, 2000);
insert into inscriptions (id, tournoi_id, equipe_id, equipe_nom, capitaine_uid, capitaine_email, membres, date_inscription, statut, stripe_payment_intent_id, montant_paye) values ('insl1', 'tol1', 'lv1', 'Lille VBC A', 'lc1', 'paul.martin@lillevbc.fr', ARRAY['Paul M.', 'Tom B.', 'Axel D.', 'Hugo R.', 'Théo C.', 'Liam V.']::text[], '2026-07-13T13:53:17.420Z'::timestamptz, 'confirmée', null, 4500);
insert into inscriptions (id, tournoi_id, equipe_id, equipe_nom, capitaine_uid, capitaine_email, membres, date_inscription, statut, stripe_payment_intent_id, montant_paye) values ('insl2', 'tol1', 'lv2', 'Roubaix VB', 'lc2', 'contact@roubaix-vb.fr', ARRAY['Kevin S.', 'Mathieu A.', 'Florian N.', 'Dylan T.', 'Pierre C.', 'Alexis M.']::text[], '2026-07-14T13:53:17.420Z'::timestamptz, 'confirmée', null, 4500);
insert into inscriptions (id, tournoi_id, equipe_id, equipe_nom, capitaine_uid, capitaine_email, membres, date_inscription, statut, stripe_payment_intent_id, montant_paye) values ('insl3', 'tol1', 'lv3', 'Tourcoing VB', 'lc3', 'tourcoing.volley@gmail.com', ARRAY['Enzo R.', 'Lucas F.', 'Nathan D.', 'Killian S.', 'Rémi P.', 'Edouard B.']::text[], '2026-07-15T13:53:17.420Z'::timestamptz, 'confirmée', null, 4500);
insert into inscriptions (id, tournoi_id, equipe_id, equipe_nom, capitaine_uid, capitaine_email, membres, date_inscription, statut, stripe_payment_intent_id, montant_paye) values ('insl4', 'tol1', 'lv4', 'Flandres VB', 'lc4', 'flandres.vb@hotmail.fr', ARRAY['Cédric V.', 'Antoine B.', 'Guillaume D.', 'Stéphane L.', 'Raphaël C.', 'Thomas M.']::text[], '2026-07-16T13:53:17.420Z'::timestamptz, 'confirmée', null, 4500);
insert into inscriptions (id, tournoi_id, equipe_id, equipe_nom, capitaine_uid, capitaine_email, membres, date_inscription, statut, stripe_payment_intent_id, montant_paye) values ('insl5', 'tol1', 'lv5', 'Villeneuve VB', 'lc5', 'vvb59@gmail.com', ARRAY['Simon G.', 'Clément A.', 'Pierre-Luc D.', 'Baptiste R.', 'Julien T.', 'Maxime V.']::text[], '2026-07-17T13:53:17.420Z'::timestamptz, 'confirmée', null, 4500);
insert into inscriptions (id, tournoi_id, equipe_id, equipe_nom, capitaine_uid, capitaine_email, membres, date_inscription, statut, stripe_payment_intent_id, montant_paye) values ('insl6', 'tol1', 'lv6', 'Dunkerque VB', 'lc6', 'dunkerque.vb@gmail.com', ARRAY['Mickael D.', 'Sébastien R.', 'Nicolas F.', 'Laurent P.', 'Fabrice B.', 'Yannick C.']::text[], '2026-07-17T13:53:17.420Z'::timestamptz, 'confirmée', null, 4500);
insert into inscriptions (id, tournoi_id, equipe_id, equipe_nom, capitaine_uid, capitaine_email, membres, date_inscription, statut, stripe_payment_intent_id, montant_paye) values ('insl7', 'tol1', 'lv7', 'Métropole VB', 'lc7', 'metropole.vb@outlook.fr', ARRAY['Adrien S.', 'Jérémy C.', 'Vincent D.', 'Olivier M.', 'Benoît T.', 'François R.']::text[], '2026-07-18T13:53:17.420Z'::timestamptz, 'en_attente_paiement', null, null);
insert into inscriptions (id, tournoi_id, equipe_id, equipe_nom, capitaine_uid, capitaine_email, membres, date_inscription, statut, stripe_payment_intent_id, montant_paye) values ('insn1', 'tol2', 'nv1', 'Spike Masters', 'nc1', 'spike.masters@gmail.com', ARRAY['Antoine L.', 'Maxime D.', 'Théo R.', 'Hugo C.']::text[], '2026-07-15T13:53:17.420Z'::timestamptz, 'confirmée', null, 3000);
insert into inscriptions (id, tournoi_id, equipe_id, equipe_nom, capitaine_uid, capitaine_email, membres, date_inscription, statut, stripe_payment_intent_id, montant_paye) values ('insn2', 'tol2', 'nv2', 'Nord Attack', 'nc2', 'nordattack59@gmail.com', ARRAY['Kévin B.', 'Damien V.', 'Clément S.', 'Romain A.']::text[], '2026-07-16T13:53:17.420Z'::timestamptz, 'confirmée', null, 3000);
insert into inscriptions (id, tournoi_id, equipe_id, equipe_nom, capitaine_uid, capitaine_email, membres, date_inscription, statut, stripe_payment_intent_id, montant_paye) values ('insn3', 'tol2', 'nv3', 'Block & Roll', 'nc3', 'blockroll.vb@gmail.com', ARRAY['Lucie M.', 'Sarah D.', 'Emma T.', 'Chloé R.']::text[], '2026-07-16T13:53:17.420Z'::timestamptz, 'confirmée', null, 3000);
insert into inscriptions (id, tournoi_id, equipe_id, equipe_nom, capitaine_uid, capitaine_email, membres, date_inscription, statut, stripe_payment_intent_id, montant_paye) values ('insn4', 'tol2', 'nv4', 'Mixte Flandres', 'nc4', 'mixteflandres@gmail.com', ARRAY['Nicolas F.', 'Aurélie D.', 'Thomas B.', 'Laura M.']::text[], '2026-07-17T13:53:17.420Z'::timestamptz, 'confirmée', null, 3000);
insert into inscriptions (id, tournoi_id, equipe_id, equipe_nom, capitaine_uid, capitaine_email, membres, date_inscription, statut, stripe_payment_intent_id, montant_paye) values ('insn5', 'tol2', 'nv5', 'Lens Volley 4', 'nc5', 'lens.volley@gmail.com', ARRAY['Franck D.', 'Yoann S.', 'Bilal M.', 'Karim T.']::text[], '2026-07-18T13:53:17.420Z'::timestamptz, 'en_attente_paiement', null, null);
insert into inscriptions (id, tournoi_id, equipe_id, equipe_nom, capitaine_uid, capitaine_email, membres, date_inscription, statut, stripe_payment_intent_id, montant_paye) values ('insi1', 'tol3', 'iv1', 'Lille VBC Elite', 'ic1', 'elite@lillevbc.fr', ARRAY['Julien M.', 'Romain T.', 'Nicolas B.', 'Clément D.', 'Alexis V.', 'Florian S.']::text[], '2026-07-16T13:53:17.420Z'::timestamptz, 'confirmée', null, 6000);
insert into inscriptions (id, tournoi_id, equipe_id, equipe_nom, capitaine_uid, capitaine_email, membres, date_inscription, statut, stripe_payment_intent_id, montant_paye) values ('insi2', 'tol3', 'iv2', 'Tourcoing VB Pro', 'ic2', 'pro@tourcoing-vb.fr', ARRAY['Maxence B.', 'Théo L.', 'Kévin R.', 'Bastien M.', 'Antoine C.', 'Enzo D.']::text[], '2026-07-17T13:53:17.420Z'::timestamptz, 'confirmée', null, 6000);
insert into inscriptions (id, tournoi_id, equipe_id, equipe_nom, capitaine_uid, capitaine_email, membres, date_inscription, statut, stripe_payment_intent_id, montant_paye) values ('insi3', 'tol3', 'iv3', 'Roubaix VB Select', 'ic3', 'select@roubaix-vb.fr', ARRAY['Dylan T.', 'Samuel C.', 'Hugo V.', 'Pierre-Antoine D.', 'Raphaël M.', 'Thomas S.']::text[], '2026-07-18T13:53:17.420Z'::timestamptz, 'en_attente_paiement', null, null);
